Name,Gene(s),Protein change,Condition(s),Accession,GRCh37Chromosome,GRCh37Location,GRCh38Chromosome,GRCh38Location,VariationID,AlleleID(s),dbSNP ID,Canonical SPDI,Variant type,Molecular consequence,Germline classification,Germline date last evaluated,Germline review status,Somatic clinical impact,Somatic clinical impact date last evaluated,Somatic clinical impact review status,Oncogenicity classification,Oncogenicity date last evaluated,Oncogenicity review status
NM_016188.5(ACTL6B):c.523A>C (p.Thr175Pro),ACTL6B,T175P,Autism spectrum disorder,VCV001344718,7,100246391,7,100648768,1344718,1336491,rs2131334872,NC_000007.14:100648767:T:G,single nucleotide variant,missense variant|non-coding transcript variant,Pathogenic,"May 5, 2020",no assertion criteria provided,,,,,,
NM_001148.6(ANK2):c.9184G>T (p.Glu3062Ter),ANK2,"E1862*, E2984*, E3062*, E3101*, E3109*",Autism spectrum disorder,VCV002430081,4,114278958,4,113357802,2430081,2403584,,NC_000004.12:113357801:G:T,single nucleotide variant,nonsense|intron variant,Pathogenic,,"criteria provided, single submitter",,,,,,
NM_030632.3(ASXL3):c.3737C>A (p.Ser1246Ter),ASXL3,S1246*,Autism spectrum disorder,VCV002430017,18,31323549,18,33743585,2430017,2403520,,NC_000018.10:33743584:C:A,single nucleotide variant,nonsense,Pathogenic,,"criteria provided, single submitter",,,,,,
NM_015570.4(AUTS2):c.1534dup (p.Ala512fs),AUTS2,A512fs,Autism spectrum disorder due to AUTS2 deficiency,VCV000870583,7,70231161 - 70231162,7,70766175 - 70766176,870583,858740,rs1789927813,NC_000007.14:70766175:GGGG:GGGGG,Duplication,frameshift variant,Pathogenic,"Nov 9, 2018","criteria provided, multiple submitters, no conflicts",,,,,,
NM_138576.4(BCL11B):c.784_820del (p.Arg262fs),BCL11B,"R190fs, R191fs, R261fs, R262fs",Autism spectrum disorder,VCV002430038,14,99642353 - 99642389,14,99176016 - 99176052,2430038,2403541,,NC_000014.9:99176015:CGGCCTCCGGCCCGAGCGGCGGCGGGATGGTGAGCCGCGGC:CGGC,Deletion,frameshift variant,Pathogenic,,"criteria provided, single submitter",,,,,,
NM_182641.4(BPTF):c.5337_5338del (p.Val1780fs),BPTF,"V1780fs, V1906fs",Autism|Joint laxity|Cafe-au-lait spot|Seizure|See cases,VCV000598947,17,65914862 - 65914863,17,67918746 - 67918747,598947,590084,rs1568070621,NC_000017.11:67918745:GAG:G,Deletion,frameshift variant,Pathogenic,"Dec 21, 2022","criteria provided, single submitter",,,,,,
NM_003718.5(CDK13):c.2149G>A (p.Gly717Arg),CDK13,G717R,"Autism spectrum disorder|Inborn genetic diseases|Congenital heart defects, dysmorphic facial features, and intellectual developmental disorder|not provided",VCV000375737,7,40039066,7,39999467,375737,362622,rs1057519632,NC_000007.14:39999466:G:A,single nucleotide variant,missense variant,Pathogenic,"Mar 13, 2024","criteria provided, multiple submitters, no conflicts",,,,,,
NM_001323289.2(CDKL5):c.183del (p.Met63fs),CDKL5,M63fs,"Autism|Developmental and epileptic encephalopathy, 2|Atypical Rett syndrome",VCV000143785,X,18593510,X,18575390,143785,153517,rs62643608,NC_000023.11:18575389:TT:T,Deletion,frameshift variant,Pathogenic,"Mar 13, 2014",no assertion criteria provided,,,,,,
NM_001271.4(CHD2):c.995_999del (p.Val332fs),CHD2,V332fs,Autism spectrum disorder,VCV002429799,15,93486238 - 93486242,15,92943008 - 92943012,2429799,2403302,,NC_000015.10:92943007:AAGTGAAG:AAG,Deletion,frameshift variant,Pathogenic,,"criteria provided, single submitter",,,,,,
NM_001170629.2(CHD8):c.1582_1583del (p.Lys528fs),CHD8,"K249fs, K528fs",Autism spectrum disorder,VCV002430092,14,21896046 - 21896047,14,21427887 - 21427888,2430092,2403595,,NC_000014.9:21427886:TTT:T,Deletion,frameshift variant,Pathogenic,,"criteria provided, single submitter",,,,,,
NM_001829.4(CLCN3):c.2033A>C (p.Asp678Ala),CLCN3,"D651A, D678A","Autism, susceptiblity to",VCV002571618,4,170628301,4,169707150,2571618,2736566,,NC_000004.12:169707149:A:C,single nucleotide variant,missense variant,Pathogenic,"Jul 5, 2023","criteria provided, single submitter",,,,,,
NM_015570.4(AUTS2):c.149C>A (p.Ser50Ter),CT66|AUTS2,S50*,Autism spectrum disorder due to AUTS2 deficiency|not provided,VCV000391589,7,69064788,7,69599802,391589,371347,rs775225727,NC_000007.14:69599801:C:A,single nucleotide variant,nonsense,Pathogenic,"Mar 24, 2023","criteria provided, multiple submitters, no conflicts",,,,,,
NM_021008.4(DEAF1):c.674G>T (p.Gly225Val),DEAF1,G225V,"Autism, susceptiblity to",VCV002571614,11,686988,11,686988,2571614,2736562,,NC_000011.10:686987:C:A,single nucleotide variant,5 prime UTR variant|missense variant|intron variant,Pathogenic,"Jul 8, 2023","criteria provided, single submitter",,,,,,
NM_001375380.1(EBF3):c.232C>T (p.Gln78Ter),EBF3,Q78*,Autism spectrum disorder,VCV002429986,10,131761690,10,129963426,2429986,2403489,,NC_000010.11:129963425:G:A,single nucleotide variant,nonsense,Pathogenic,,"criteria provided, single submitter",,,,,,
NM_024757.5(EHMT1):c.3413G>A (p.Trp1138Ter),EHMT1,"W1138*, W1131*",Autism spectrum disorder|Kleefstra syndrome 1,VCV000221980,9,140711929,9,137817477,221980,223668,rs886037776,NC_000009.12:137817476:G:A,single nucleotide variant,nonsense,Pathogenic,"Jan 20, 2016","criteria provided, single submitter",,,,,,
NM_000827.4(GRIA1):c.2234G>A (p.Gly745Asp),GRIA1,"G745D, G650D, G665D, G755D, G676D, G689D, G754D","Autism spectrum disorder|Intellectual developmental disorder, autosomal dominant 67",VCV000585059,5,153149939,5,153770379,585059,576113,rs1561846159,NC_000005.10:153770378:G:A,single nucleotide variant,missense variant|non-coding transcript variant,Pathogenic/Likely pathogenic,"Jun 29, 2022",no assertion criteria provided,,,,,,
NM_000834.5(GRIN2B):c.23_24insC (p.Ser9fs),GRIN2B,S9fs,Autism spectrum disorder,VCV002429947,12,14019119 - 14019120,12,13866185 - 13866186,2429947,2403450,,NC_000012.12:13866185::G,Insertion,frameshift variant,Pathogenic,,"criteria provided, single submitter",,,,,,
NM_018094.5(GSPT2):c.1021G>A (p.Val341Ile),GSPT2,V341I,Autism|Delayed speech and language development|Seizure,VCV000375379,X,51487743,X,51744647,375379,362170,rs1057519440,NC_000023.11:51744646:G:A,single nucleotide variant,missense variant,Pathogenic,,no assertion criteria provided,,,,,,
NM_024496.4(IRF2BPL):c.1846del (p.Ala616fs),IRF2BPL,A616fs,Autism spectrum disorder,VCV002430009,14,77492290,14,77025947,2430009,2403512,,NC_000014.9:77025946:C:,Deletion,frameshift variant,Pathogenic,,"criteria provided, single submitter",,,,,,
NM_001291415.2(KDM6A):c.3190dup (p.Trp1064fs),KDM6A,"W1012fs, W1019fs, W1064fs, W716fs, W933fs, W967fs",Autism spectrum disorder,VCV002429810,X,44938485 - 44938486,X,45079240 - 45079241,2429810,2403313,,NC_000023.11:45079240:T:TT,Duplication,frameshift variant|non-coding transcript variant,Pathogenic,"Feb 17, 2021","criteria provided, single submitter",,,,,,
NM_001197104.2(KMT2A):c.7020del (p.Asn2340fs),KMT2A,"N2337fs, N2340fs",Autism|Intellectual disability,VCV000992730,11,118373627,11,118502912,992730,980711,rs1950523317,NC_000011.10:118502911:C:,Deletion,frameshift variant,Pathogenic,"Aug 18, 2019","criteria provided, single submitter",,,,,,
NM_170606.3(KMT2C):c.8649del (p.Arg2884fs),KMT2C,R2884fs,Autism spectrum disorder,VCV000984613,7,151873889,7,152176804,984613,972654,rs2093231242,NC_000007.14:152176803:A:,Deletion,frameshift variant,Pathogenic,,"criteria provided, single submitter",,,,,,
NM_001394998.1(TANC2):c.3418C>T (p.Arg1140Ter),LOC105371856|TANC2,"R1066*, R1140*",Autism spectrum disorder|INTELLECTUAL DEVELOPMENTAL DISORDER WITH AUTISTIC FEATURES AND LANGUAGE DELAY WITHOUT SEIZURES,VCV000922130,17,61482569,17,63405208,922130,916787,rs2048464266,NC_000017.11:63405207:C:T,single nucleotide variant,nonsense,Pathogenic/Likely pathogenic,"Aug 6, 2020",no assertion criteria provided,,,,,,
NM_001110792.2(MECP2):c.337_1247del911 (p.Pro113fs),MECP2,"M1fs, P101fs, P113fs, P8fs","Autism, susceptibility to, X-linked 3|Severe neonatal-onset encephalopathy with microcephaly|X-linked intellectual disability-psychosis-macroorchidism syndrome|Rett syndrome|Syndromic X-linked intellectual disability Lubs type",VCV001684655,X,153296068 - 153297734,X,154030617 - 154032283,1684655,1676683,,,Deletion,frameshift variant|splice acceptor variant|splice donor variant|initiator_codon_variant,Pathogenic,"Jan 28, 2022","criteria provided, single submitter",,,,,,
NM_002397.5(MEF2C):c.766C>T (p.Arg256Ter),MEF2C,"R254*, R256*, R208*, R114*, R130*, R274*","Autism spectrum disorder|5q14.3 microdeletion syndrome|Intellectual disability, autosomal dominant 20|Intellectual disability",VCV000206134,5,88027590,5,88731773,206134,201908,rs796052733,NC_000005.10:88731772:G:A,single nucleotide variant,nonsense,Pathogenic,"Apr 6, 2023","criteria provided, multiple submitters, no conflicts",,,,,,
NM_057175.5(NAA15):c.995T>G (p.Leu332Ter),NAA15,L332*,Autism,VCV001330221,4,140272746,4,139351592,1330221,1320901,rs2110935239,NC_000004.12:139351591:T:G,single nucleotide variant,nonsense,Pathogenic,"Oct 4, 2021","criteria provided, single submitter",,,,,,
NM_001385012.1(NBEA):c.5206dup (p.Ser1736fs),NBEA,"S1733fs, S1736fs",Autism spectrum disorder,VCV002429963,13,35770278 - 35770279,13,35196141 - 35196142,2429963,2403466,,NC_000013.11:35196141:A:AA,Duplication,frameshift variant,Pathogenic,"May 10, 2022","criteria provided, single submitter",,,,,,
NM_181303.2(NLGN3):c.611T>C (p.Val204Ala),NLGN3,"V164A, V184A, V204A, V67A","Autism, susceptibility to, X-linked 1",VCV001710287,X,70375097,X,71155247,1710287,1708692,,NC_000023.11:71155246:T:C,single nucleotide variant,missense variant,Pathogenic,,no assertion criteria provided,,,,,,
NM_000901.5(NR3C2):c.1609C>T (p.Arg537Ter),NR3C2,R537*,Autism spectrum disorder,VCV000008555,4,149356404,4,148435252,8555,23594,rs121912562,NC_000004.12:148435251:G:A,single nucleotide variant,nonsense|non-coding transcript variant,Pathogenic,"Aug 1, 2018","criteria provided, single submitter",,,,,,
NM_001330078.2(NRXN1):c.1066del (p.Glu356fs),NRXN1,"E336fs, E346fs, E352fs, E355fs, E356fs, E389fs",Autism spectrum disorder,VCV002430077,2,50850520,2,50623382,2430077,2403580,,NC_000002.12:50623381:CC:C,Deletion,frameshift variant,Pathogenic,,"criteria provided, single submitter",,,,,,
NM_002585.4(PBX1):c.550C>T (p.Arg184Ter),PBX1,"R184*, R101*",Autism spectrum disorder,VCV000437836,1,164768975,1,164799738,437836,431426,rs1553248081,NC_000001.11:164799737:C:T,single nucleotide variant,nonsense,Pathogenic,"Aug 16, 2021","criteria provided, single submitter",,,,,,
NM_000314.8(PTEN):c.203A>G (p.Tyr68Cys),PTEN,"Y68C, Y241C",Autism|Infantile spasms|Global developmental delay|Developmental regression|Seizure|Microcephaly|Cognitive impairment|Cerebral visual impairment|Hereditary cancer-predisposing syndrome|See cases|not provided|Cowden syndrome 1|PTEN hamartoma tumor syndrome,VCV000233777,10,89685308,10,87925551,233777,233846,rs876660634,NC_000010.11:87925550:A:G,single nucleotide variant,missense variant|intron variant,Pathogenic/Likely pathogenic,"Oct 15, 2023","criteria provided, multiple submitters, no conflicts",,,,,,
NM_032322.4(RNF135):c.1015del (p.Val339fs),RNF135,V339fs,Autism spectrum disorder,VCV000000977,17,29325924,17,30998906,977,16016,rs724159978,NC_000017.11:30998905:GG:G,Deletion,3 prime UTR variant|frameshift variant,Pathogenic,"Aug 1, 2018","criteria provided, single submitter",,,,,,
NM_000329.3(RPE65):c.1084C>T (p.Gln362Ter),RPE65,Q362*,Autism|Retinal dystrophy|Global developmental delay|Rod-cone dystrophy|Nystagmus,VCV000812758,1,68903914,1,68438231,812758,800988,rs1571164333,NC_000001.11:68438230:G:A,single nucleotide variant,nonsense,Pathogenic,,no assertion criteria provided,,,,,,
NM_001040142.2(SCN2A):c.1800del (p.Phe601fs),SCN2A,F601fs,Autism spectrum disorder,VCV002430062,2,166179793,2,165323283,2430062,2403565,,NC_000002.12:165323282:CC:C,Deletion,frameshift variant,Pathogenic,,"criteria provided, single submitter",,,,,,
NM_012309.5(SHANK2):c.4635_4636delinsTAT (p.Val1546fs),SHANK2,"V1167fs, V1546fs, V958fs","Autism, susceptibility to, 17",VCV001805933,11,70331762 - 70331763,11,70485657 - 70485658,1805933,1862943,,NC_000011.10:70485656:CT:ATA,Indel,frameshift variant,Pathogenic,"Sep 2, 2022","criteria provided, single submitter",,,,,,
NM_012243.3(SLC35A3):c.21C>G (p.Tyr7Ter),SLC35A3,"Y49*, Y7*",Autism spectrum disorder - epilepsy - arthrogryposis syndrome|Inborn genetic diseases,VCV001433891,1,100459131,1,99993575,1433891,1497590,rs775151826,NC_000001.11:99993574:C:G,single nucleotide variant,nonsense,Pathogenic/Likely pathogenic,"Jan 9, 2023","criteria provided, multiple submitters, no conflicts",,,,,,
NM_006593.4(TBR1):c.405del (p.Ala136fs),TBR1,A136fs,"Autism, susceptibility to, 5",VCV000599048,2,162273323,2,161416812,599048,590225,rs1684130791,NC_000002.12:161416811:CCCC:CCC,Deletion,frameshift variant,Pathogenic,"Dec 19, 2018",no assertion criteria provided,,,,,,
NM_001378418.1(TCF20):c.2803C>T (p.Gln935Ter),TCF20,Q935*,Autism spectrum disorder|not provided,VCV002429889,22,42608509,22,42212503,2429889,2403392,,NC_000022.11:42212502:G:A,single nucleotide variant,nonsense,Pathogenic,"Aug 27, 2023","criteria provided, multiple submitters, no conflicts",,,,,,
NM_001367943.1(TCF7L2):c.1144C>T (p.Gln382Ter),TCF7L2,"Q199*, Q239*, Q325*, Q355*, Q359*, Q364*, Q382*, Q406*",Autism,VCV002499565,10,114911626,10,113151867,2499565,2477547,,NC_000010.11:113151866:C:T,single nucleotide variant,nonsense,Pathogenic,"Apr 20, 2023","criteria provided, single submitter",,,,,,
NM_001162501.2(TNRC6B):c.2641C>T (p.Gln881Ter),TNRC6B,Q881*,Autism spectrum disorder,VCV002430083,22,40662875,22,40266871,2430083,2403586,,NC_000022.11:40266870:C:T,single nucleotide variant,nonsense|intron variant,Pathogenic,,"criteria provided, single submitter",,,,,,
NM_001160372.4(TRAPPC9):c.2920C>T (p.Arg974Ter),TRAPPC9,"R926*, R937*, R965*, R974*, R981*",Autism spectrum disorder,VCV000977824,8,140922435,8,139910191,977824,965972,,NC_000008.11:139910190:G:A,single nucleotide variant,nonsense|non-coding transcript variant,Pathogenic,"Aug 5, 2022","criteria provided, single submitter",,,,,,